"Form type","Form description","Filing date","Reporting date","Act","Accession number"
"S-1","General form for registration of securities under the Securities Act of 1933 ","2025-04-01","","33","0001193125-25-070481"
"DRS/A","Draft Registration Statement  - amendment","2025-02-13","","33","0000950123-25-001965"
"DRS/A","Draft Registration Statement  - amendment","2024-12-03","","33","0000950123-24-012158"
"DRS/A","Draft Registration Statement  - amendment","2024-08-06","","33","0000950123-24-007245"
"DRS/A","Draft Registration Statement  - amendment","2024-04-12","","33","0000950123-24-003285"
"DRS","Draft Registration Statement ","2023-12-13","","33","0000950123-23-011178"
"RW","Registration Withdrawal Request ","2022-12-05","","NE","0001104659-22-124570"
"S-4/A","Registration of securities, business combinations  - amendment","2022-11-14","","33","0001104659-22-118597"
"S-4/A","Registration of securities, business combinations  - amendment","2022-10-20","","33","0001104659-22-110332"
"S-4/A","Registration of securities, business combinations  - amendment","2022-08-31","","33","0001104659-22-096202"
"S-4/A","Registration of securities, business combinations  - amendment","2022-07-11","","33","0001104659-22-078873"
"425","Prospectuses and communications, business combinations ","2022-06-07","","","0001104659-22-068962"
"425","Prospectuses and communications, business combinations ","2022-06-03","","","0001104659-22-068177"
"S-4/A","Registration of securities, business combinations  - amendment","2022-05-06","","33","0001104659-22-056979"
"425","Prospectuses and communications, business combinations ","2022-04-12","","","0001104659-22-044857"
"425","Prospectuses and communications, business combinations ","2022-02-17","","34","0001213900-22-008149"
"S-4/A","Registration of securities, business combinations  - amendment","2021-12-23","","33","0001104659-21-153174"
"425","Prospectuses and communications, business combinations ","2021-10-21","","","0001104659-21-128323"
"S-4/A","Registration of securities, business combinations  - amendment","2021-10-04","","33","0001104659-21-122565"
"425","Prospectuses and communications, business combinations ","2021-08-23","","","0001104659-21-108633"
"425","Prospectuses and communications, business combinations ","2021-08-23","","","0001104659-21-108632"
"425","Prospectuses and communications, business combinations ","2021-08-10","","","0001104659-21-102322"
"425","Prospectuses and communications, business combinations ","2021-08-09","","","0001104659-21-102122"
"S-4","Registration of securities, business combinations ","2021-08-06","","33","0001104659-21-101498"